{"cameraMode":{"drawMode":0,"name":"Shaded","section":"Shading Mode"},"sceneLighting":false,"audioPlay":false,"sceneViewState":{"showFog":true,"showMaterialUpdate":false,"showSkybox":true,"showFlares":true,"showImageEffects":true,"showParticleSystems":true},"in2DMode":false,"pivot":{"x":6.780414581298828,"y":1.2405900955200196,"z":5.431465148925781},"rotation":{"x":0.07561126351356507,"y":-0.8500948548316956,"z":0.12717537581920625,"w":0.505419135093689},"size":25.518997192382814,"orthographic":false}